Position	P(x)	G(x)
1	1.997e-06	10.6315
2	4.65234e-06	10.1954
3	1.07257e-05	9.75237
4	1.31466e-05	9.7903
5	1.38343e-05	9.83457
6	1.60265e-05	9.86572
7	2.14806e-05	9.8028
8	2.35204e-05	9.83345
9	2.34905e-05	9.87149
10	2.08816e-05	9.98966
11	2.05322e-05	10.0496
12	2.2951e-05	10.043
13	3.12491e-05	9.85133
14	3.45836e-05	9.83138
15	4.63601e-05	9.62106
16	5.136e-05	9.58582
17	5.12282e-05	9.60422
18	5.89089e-05	9.51298
19	5.97583e-05	9.51184
20	7.13559e-05	9.36406
21	0.000107811	8.92806
22	0.000124657	8.85062
23	0.000175189	8.55954
24	0.000198486	8.51183
25	0.000265523	8.29467
26	0.000444864	7.80461
27	0.000529743	7.75705
28	0.000751293	7.5209
29	0.00131849	7.03677
30	0.00158026	7.01065
31	0.00169893	7.03453
32	0.00174983	7.05578
33	0.00176534	7.06381
34	0.00182125	7.08511
35	0.00183763	7.0935
36	0.00182366	7.08688
37	0.00184083	7.0962
38	0.00182505	7.09065
39	0.00184348	7.10079
40	0.00182702	7.09648
41	0.00184754	7.1072
42	0.00183199	7.10414
43	0.00176853	7.09352
44	0.00161262	7.10196
45	0.00125922	7.26019
46	0.00111961	7.28627
47	0.000811493	7.54175
48	0.000693733	7.60886
49	0.00044024	8.10895
50	0.00034658	8.33025
51	0.000317649	8.38746
52	0.000321181	8.38966
53	0.00035512	8.35077
54	0.000361523	8.35368
55	0.000349021	8.36441
56	0.000357538	8.37131
57	0.000350676	8.3748
58	0.000327552	8.38189
59	0.000278461	8.4407
60	0.000180835	8.8253
61	0.000146874	8.93991
62	0.00013758	8.95406
63	0.000142498	8.95195
64	0.000137518	8.95659
65	0.000119357	9.01309
66	7.67931e-05	9.46878
67	6.30786e-05	9.66935
68	6.60339e-05	9.61296
69	9.05182e-05	9.2347
70	9.82969e-05	9.16509
71	0.000133477	8.86338
72	0.000146866	8.80606
73	0.000194616	8.57234
74	0.000325838	8.06651
75	0.000387244	8.01146
76	0.000550287	7.76768
77	0.00096924	7.27478
78	0.00116248	7.24567
79	0.00124947	7.26702
80	0.00128547	7.28523
81	0.00129347	7.2891
82	0.0013326	7.3072
83	0.0014352	7.32138
84	0.00147584	7.33762
85	0.00148355	7.34198
86	0.00146287	7.3334
87	0.00146953	7.33805
88	0.00144692	7.3304
89	0.00145246	7.3351
90	0.00142898	7.32796
91	0.0013597	7.31971
92	0.00119551	7.35757
93	0.0011304	7.34865
94	0.000980465	7.38808
95	0.000650174	7.77371
96	0.000520709	7.91961
97	0.000472248	7.94192
98	0.000366405	8.11893
99	0.000327994	8.14926
100	0.000245855	8.36157
101	0.000216981	8.40207
102	0.00020979	8.4023
103	0.000189128	8.41435
104	0.000145982	8.53586
105	0.000131825	8.53278
106	0.00010221	8.60027
107	4.43033e-05	9.42206
108	2.4392e-05	10.0752
109	1.82993e-05	10.3624
110	1.81359e-05	10.325
111	2.24247e-05	10.0661
112	3.33727e-05	9.63152
113	3.70827e-05	9.57944
114	3.72438e-05	9.56045
115	3.44311e-05	9.53689
116	3.43152e-05	9.5226
117	3.64625e-05	9.51664
118	3.59367e-05	9.50832
119	3.24323e-05	9.50891
120	2.29137e-05	9.72842
121	1.87926e-05	9.81648
122	1.73567e-05	9.84086
123	1.26365e-05	10.0791
124	1.08645e-05	10.1779
125	1.08035e-05	10.1971
126	1.23682e-05	10.1477
127	1.20784e-05	10.1678
128	9.76131e-06	10.3137
129	9.27865e-06	10.3457
130	6.78184e-06	10.6138
131	6.16033e-06	10.6923
132	6.93842e-06	10.616
133	9.66118e-06	10.369
134	1.63399e-05	9.95731
135	3.1927e-05	9.44644
136	3.83618e-05	9.44203
137	4.06246e-05	9.46456
138	4.02799e-05	9.47563
139	3.65561e-05	9.51446
140	3.56799e-05	9.53649
141	3.05713e-05	9.65032
142	2.91179e-05	9.70134
143	3.09267e-05	9.70834
144	3.79033e-05	9.61392
145	3.9657e-05	9.62214
146	4.70685e-05	9.54316
147	4.87558e-05	9.55015
148	5.65159e-05	9.48218
149	7.67495e-05	9.24669
150	8.47026e-05	9.22315
151	8.60975e-05	9.22735
152	8.17534e-05	9.24646
153	8.29281e-05	9.24728
154	7.81486e-05	9.26666
155	7.90418e-05	9.26525
156	8.62553e-05	9.23387
157	8.67737e-05	9.23195
158	8.11005e-05	9.24943
159	8.11732e-05	9.24727
160	8.67842e-05	9.22596
161	8.63798e-05	9.22415
162	8.0015e-05	9.24134
163	6.30659e-05	9.40769
164	5.65957e-05	9.44961
165	5.53802e-05	9.45202
166	4.9004e-05	9.4989
167	4.75848e-05	9.50331
168	4.14723e-05	9.5539
169	3.99802e-05	9.55963
170	3.42594e-05	9.61271
171	3.28236e-05	9.61879
172	2.7567e-05	9.6733
173	1.50179e-05	10.2719
174	1.02734e-05	10.6651
175	9.21278e-06	10.7716
176	1.09438e-05	10.5786
177	1.0162e-05	10.6254
178	1.22627e-05	10.4195
179	1.91508e-05	9.95325
180	3.68606e-05	9.31846
181	4.44821e-05	9.27057
182	4.70514e-05	9.26973
183	5.52142e-05	9.22777
184	5.78056e-05	9.22809
185	6.62907e-05	9.19517
186	8.75631e-05	9.03625
187	9.6143e-05	9.03155
188	9.81931e-05	9.03799
189	9.47991e-05	9.04145
190	9.64475e-05	9.04942
191	0.000104905	9.04754
192	0.000127054	8.96951
193	0.00013553	8.97196
194	0.000136401	8.97828
195	0.00012986	8.99065
196	0.000130494	8.99566
197	0.00012331	9.01166
198	0.000102356	9.13776
199	9.48421e-05	9.1703
200	7.34862e-05	9.39623
201	6.59778e-05	9.4706
202	6.64998e-05	9.46751
203	7.5283e-05	9.38416
204	7.58709e-05	9.38109
205	8.43542e-05	9.32134
206	8.49524e-05	9.31814
207	9.29031e-05	9.2765
208	9.34569e-05	9.27286
209	8.76306e-05	9.2879
210	8.80849e-05	9.2825
211	8.27168e-05	9.29037
212	6.81159e-05	9.39205
213	6.31044e-05	9.40294
214	6.31768e-05	9.39134
215	5.84067e-05	9.39742
216	4.56245e-05	9.533
217	4.10084e-05	9.55307
218	2.89214e-05	9.8133
219	2.44561e-05	9.89284
220	2.37458e-05	9.88201
221	2.5835e-05	9.81649
222	2.4932e-05	9.80931
223	2.63912e-05	9.77896
224	2.5314e-05	9.77185
225	2.6253e-05	9.7622
226	2.50268e-05	9.75291
227	2.09228e-05	9.77853
228	1.0935e-05	10.3252
229	6.81275e-06	10.7402
230	5.37186e-06	10.9551
231	5.52236e-06	10.9452
232	7.54795e-06	10.6892
233	7.75301e-06	10.688
234	1.01687e-05	10.5137
235	1.73388e-05	10.1
236	2.04296e-05	10.0697
237	2.99732e-05	9.86261
238	3.43686e-05	9.85201
239	3.53792e-05	9.87092
240	4.26163e-05	9.80881
241	6.72538e-05	9.4544
242	0.000147497	8.71409
243	0.000412263	7.80674
244	0.00057419	7.72872
245	0.000673809	7.7308
246	0.00101541	7.46631
247	0.00122744	7.41507
248	0.00135696	7.41165
249	0.00143105	7.41832
250	0.00170289	7.32996
251	0.00186119	7.3078
252	0.0024114	7.09694
253	0.00273165	7.04184
254	0.00379825	6.73145
255	0.00441201	6.65946
256	0.00638341	6.30915
257	0.0074974	6.23842
258	0.01096	5.89518
259	0.0128731	5.8347
260	0.0138992	5.83262
261	0.0170041	5.71392
262	0.0260791	5.30205
263	0.030836	5.24301
264	0.0332805	5.24767
265	0.040154	5.15412
266	0.0590715	4.81341
267	0.0684357	4.77468
268	0.0934585	4.55205
269	0.105494	4.5357
270	0.111194	4.55345
271	0.113841	4.57198
272	0.115019	4.58434
273	0.115461	4.58993
274	0.116803	4.60383
275	0.117321	4.61065
276	0.117376	4.61105
277	0.117021	4.60501
278	0.116045	4.59128
279	0.115762	4.58649
280	0.114936	4.57463
281	0.113066	4.55426
282	0.112381	4.54401
283	0.110834	4.52596
284	0.107541	4.4999
285	0.100663	4.4724
286	0.0864863	4.4792
287	0.0576124	4.73538
288	0.0469962	4.77508
289	0.0259066	5.30974
290	0.0183498	5.5476
291	0.0156814	5.58079
292	0.0105813	5.88514
293	0.0088301	5.94376
294	0.00557028	6.37247
295	0.00448257	6.49443
296	0.00413277	6.4945
297	0.00349332	6.54977
298	0.00236142	6.87692
299	0.00200533	6.93385
300	0.00138881	7.23278
301	0.00120072	7.27552
302	0.000880908	7.48553
303	0.000786439	7.49547
304	0.000627594	7.57577
305	0.000367401	8.03125
306	0.000291105	8.11676
307	0.000166871	8.58407
308	0.000130748	8.67022
309	7.12139e-05	9.16558
310	5.37365e-05	9.26781
311	2.37256e-05	10.055
312	1.45863e-05	10.4887
313	1.23104e-05	10.5809
314	1.31296e-05	10.5062
315	1.17907e-05	10.5397
316	1.27457e-05	10.4849
317	1.17981e-05	10.508
318	1.2859e-05	10.4697
319	1.20815e-05	10.4959
320	8.84874e-06	10.7496
321	8.18735e-06	10.8243
322	9.75556e-06	10.6922
323	1.54176e-05	10.2737
324	3.15035e-05	9.62051
325	3.92636e-05	9.56421
326	4.23622e-05	9.56563
327	5.34329e-05	9.46433
328	8.57529e-05	9.09062
329	0.000101906	9.04535
330	0.000149107	8.77785
331	0.000172783	8.7457
332	0.000183127	8.74958
333	0.000217592	8.6791
334	0.000232951	8.67394
335	0.000282464	8.57202
336	0.000423234	8.21831
337	0.00049323	8.17309
338	0.000525318	8.17677
339	0.000533489	8.18347
340	0.000578821	8.17428
341	0.000713119	8.05496
342	0.000776385	8.0422
343	0.000959844	7.91179
344	0.00146415	7.51612
345	0.00171315	7.46589
346	0.00183279	7.47066
347	0.00188284	7.47991
348	0.00204518	7.4695
349	0.00211635	7.47537
350	0.00213083	7.47753
351	0.00222917	7.47749
352	0.00225782	7.47959
353	0.00222785	7.47743
354	0.00211464	7.48323
355	0.00209644	7.48235
356	0.00199807	7.48863
357	0.00199343	7.48896
358	0.0020824	7.4838
359	0.00209271	7.48489
360	0.00202954	7.48995
361	0.00185504	7.53136
362	0.00181094	7.53686
363	0.00167328	7.5711
364	0.0016479	7.57601
365	0.00154527	7.59975
366	0.00131424	7.71953
367	0.00124284	7.74139
368	0.00125003	7.74569
369	0.00120486	7.75624
370	0.00122532	7.76164
371	0.00120118	7.7661
372	0.00112623	7.78062
373	0.000969821	7.85754
374	0.000665593	8.25753
375	0.000563893	8.37852
376	0.000539534	8.39916
377	0.000475317	8.47383
378	0.000467829	8.48342
379	0.000429491	8.52153
380	0.000343483	8.69531
381	0.000324266	8.7237
382	0.000349691	8.67634
383	0.000346746	8.67408
384	0.00031282	8.73118
385	0.000230495	9.04866
386	0.000214079	9.10537
387	0.000247033	8.92713
388	0.000370021	8.41488
389	0.000427118	8.30981
390	0.00060856	7.96549
391	0.000695832	7.90273
392	0.000729558	7.88882
393	0.00085344	7.80413
394	0.00119987	7.5043
395	0.00136603	7.46269
396	0.00143972	7.46329
397	0.00165184	7.40902
398	0.00174655	7.4086
399	0.00177831	7.41074
400	0.00189312	7.40629
401	0.00193437	7.40957
402	0.00192739	7.40473
403	0.00197636	7.40881
404	0.00197434	7.40616
405	0.00202889	7.41067
406	0.0020308	7.40966
407	0.00208846	7.41443
408	0.00209338	7.41449
409	0.00205218	7.40752
410	0.00194073	7.40565
411	0.00190645	7.3981
412	0.00181289	7.39126
413	0.00160649	7.42425
414	0.00116995	7.69418
415	0.0010053	7.76169
416	0.000946123	7.7579
417	0.000819345	7.80387
418	0.00077467	7.79176
419	0.000680186	7.8092
420	0.000489799	8.01681
421	0.000421404	8.03698
422	0.000285415	8.28853
423	0.000237145	8.31982
424	0.000142295	8.69551
425	0.000108956	8.78924
426	9.76963e-05	8.76606
427	7.50447e-05	8.79907
428	3.12758e-05	9.51539
429	1.60401e-05	10.0637
430	1.08435e-05	10.2999
431	9.26762e-06	10.3185
432	5.6971e-06	10.5931
433	4.55269e-06	10.6167
434	1.96727e-06	11.2004
435	1.06148e-06	11.5805
436	8.35621e-07	11.649
437	1.00597e-06	11.4744
438	7.24611e-07	11.6125
439	7.91746e-07	11.5298
440	1.24504e-06	11.2132
441	2.4088e-06	10.726
442	2.73808e-06	10.6986
443	3.78739e-06	10.5216
444	3.94248e-06	10.5121
445	4.85731e-06	10.4056
446	7.27655e-06	10.1335
447	1.29405e-05	9.69941
448	2.58298e-05	9.19508
449	5.48031e-05	8.68975
450	6.65325e-05	8.71319
451	7.09724e-05	8.75369
452	7.17452e-05	8.77149
453	7.56716e-05	8.80968
454	7.57779e-05	8.82581
455	7.14838e-05	8.83884
456	7.10647e-05	8.85806
457	6.52088e-05	8.89312
458	6.46082e-05	8.9201
459	5.7461e-05	8.99321
460	3.67327e-05	9.55493
461	2.88609e-05	9.92081
462	2.962e-05	9.97612
463	4.20116e-05	9.63855
464	8.17023e-05	8.99101
465	0.000100979	8.93593
466	0.000161967	8.64023
467	0.000345306	8.05174
468	0.00090373	7.31579
469	0.00122136	7.28304
470	0.00140549	7.30853
471	0.00200564	7.13185
472	0.00236557	7.10731
473	0.00258154	7.11526
474	0.00330939	6.96707
475	0.00573698	6.41654
476	0.00720866	6.31871
477	0.00809325	6.30699
478	0.00861448	6.3171
479	0.00890244	6.32933
480	0.00990748	6.30248
481	0.0104692	6.30387
482	0.0107358	6.30947
483	0.0107523	6.31196
484	0.0112775	6.30813
485	0.0114372	6.31006
486	0.0123771	6.2826
487	0.0153706	6.10286
488	0.0169354	6.06397
489	0.0216668	5.84881
490	0.0241183	5.80634
491	0.0253047	5.8029
492	0.028939	5.72696
493	0.0391625	5.42939
494	0.0442733	5.3784
495	0.0467558	5.37783
496	0.0535775	5.30483
497	0.0568389	5.29971
498	0.0654766	5.21443
499	0.0695199	5.20732
500	0.0713468	5.21485
501	0.0720823	5.2209
502	0.0722175	5.22141
503	0.0718965	5.21535
504	0.072144	5.21759
505	0.0719882	5.21358
506	0.0714055	5.20276
507	0.0701399	5.18464
508	0.0675829	5.16064
509	0.0624641	5.1416
510	0.060599	5.11598
511	0.056827	5.08864
512	0.0492202	5.09198
513	0.0464249	5.05884
514	0.0454066	5.03307
515	0.0433599	4.9985
516	0.0392963	4.96549
517	0.0313019	4.98871
518	0.0157231	5.53285
519	0.0102296	5.78685
520	0.00831361	5.80928
521	0.00469856	6.2131
522	0.00346664	6.31223
523	0.00305228	6.27445
524	0.00229731	6.29254
525	0.000939917	6.92428
526	0.00049932	7.25819
527	0.000358161	7.26395
528	0.000113136	8.02076
529	3.64442e-05	8.83469
530	1.28602e-05	9.7282
531	6.03307e-06	10.5522
532	4.84299e-06	10.8219
533	6.41501e-06	10.5175
534	1.10508e-05	10.0256
535	1.25215e-05	9.98922
536	1.23698e-05	9.9765
537	1.06931e-05	9.97821
538	1.04067e-05	9.97716
539	1.11657e-05	9.9842
540	1.05564e-05	10.0068
541	1.09242e-05	10.0254
542	9.87451e-06	10.0815
543	9.85058e-06	10.1084
544	1.08356e-05	10.112
545	1.04436e-05	10.1413
546	8.31542e-06	10.3027
547	7.59944e-06	10.3622
548	4.97303e-06	10.8042
549	3.98946e-06	11.0475
550	4.03878e-06	11.0597
551	5.19123e-06	10.8342
552	5.07192e-06	10.8564
553	6.05242e-06	10.7206
554	8.8511e-06	10.4011
555	9.63102e-06	10.3691
556	1.21355e-05	10.2405
557	1.2664e-05	10.2309
558	1.48526e-05	10.164
559	2.02807e-05	9.96283
560	2.21345e-05	9.94913
561	2.18977e-05	9.95419
562	2.33931e-05	9.94444
563	2.26882e-05	9.95654
564	1.89415e-05	10.075
565	1.77355e-05	10.1136
566	1.8464e-05	10.1013
567	1.67565e-05	10.1671
568	1.71285e-05	10.1618
569	1.9893e-05	10.0731
570	1.99085e-05	10.0782
571	2.22099e-05	10.03
572	2.8293e-05	9.87356
573	3.01355e-05	9.86382
574	2.93767e-05	9.87186
575	2.53722e-05	9.94239
576	2.42679e-05	9.95916
577	2.53571e-05	9.95678
578	2.39336e-05	9.98065
579	1.8733e-05	10.1691
580	1.70329e-05	10.2359
581	1.77792e-05	10.2268
582	1.58585e-05	10.3227
583	1.6598e-05	10.308
584	1.4518e-05	10.4397
585	1.53359e-05	10.4106
586	1.99829e-05	10.1809
587	3.26531e-05	9.71075
588	3.78614e-05	9.6603
589	5.2085e-05	9.45038
590	5.79135e-05	9.43105
591	5.89991e-05	9.43219
592	6.55123e-05	9.40725
593	6.66575e-05	9.40851
594	6.26329e-05	9.42863
595	6.38441e-05	9.43109
596	7.20181e-05	9.38906
597	9.48373e-05	9.20237
598	0.000104186	9.18354
599	0.000130541	9.05079
600	0.000141449	9.03776
601	0.000143361	9.04141
602	0.000136576	9.0599
603	0.000139276	9.0581
604	0.000155173	9.00474
605	0.000159053	8.99649
606	0.000152373	9.01128
607	0.000157755	8.9921
608	0.000181032	8.88863
609	0.000188069	8.86694
610	0.000182739	8.87011
611	0.000160681	8.94055
612	0.000156289	8.94341
613	0.000166108	8.90089
614	0.00016267	8.90026
615	0.00017327	8.86226
616	0.000170703	8.85992
617	0.000181583	8.83147
618	0.000179782	8.82909
619	0.000190586	8.81169
620	0.000189468	8.81006
621	0.000200118	8.80198
622	0.000230044	8.74545
623	0.000240744	8.74551
624	0.0002409	8.74443
625	0.000231206	8.73835
626	0.000205375	8.761
627	0.00014602	9.0214
628	0.000122724	9.10115
629	0.000115439	9.10843
630	9.42042e-05	9.22209
631	8.79447e-05	9.24079
632	6.85349e-05	9.42763
633	6.32261e-05	9.47202
634	6.74338e-05	9.42562
635	6.30489e-05	9.46734
636	6.79294e-05	9.42175
637	8.57111e-05	9.24447
638	0.000130223	8.86868
639	0.000148412	8.83652
640	0.000193342	8.68237
641	0.000211636	8.67759
642	0.000217326	8.68429
643	0.000214847	8.68074
644	0.00020229	8.6764
645	0.000199653	8.67293
646	0.000186605	8.67353
647	0.000152456	8.78128
648	0.000138576	8.80567
649	0.000135036	8.81023
650	0.000120366	8.85785
651	0.000116403	8.86972
652	0.000120107	8.87596
653	0.00011591	8.89122
654	0.000101068	8.97266
655	9.69207e-05	8.99442
656	8.30504e-05	9.09625
657	7.92595e-05	9.12332
658	6.69371e-05	9.23995
659	6.37385e-05	9.26978
660	6.63455e-05	9.2794
661	6.38435e-05	9.29758
662	5.51324e-05	9.369
663	3.51836e-05	9.83638
664	2.80705e-05	10.0353
665	2.68096e-05	10.0667
666	2.0966e-05	10.2978
667	2.01677e-05	10.3195
668	2.34011e-05	10.1743
669	2.28992e-05	10.174
670	2.62092e-05	10.0614
671	3.57301e-05	9.77779
672	3.89726e-05	9.73828
673	3.85013e-05	9.73198
674	4.15583e-05	9.7022
675	5.03437e-05	9.58881
676	5.31218e-05	9.57644
677	5.20907e-05	9.57469
678	4.62937e-05	9.61259
679	4.48787e-05	9.61756
680	4.69555e-05	9.60937
681	4.51406e-05	9.62155
682	4.69415e-05	9.61763
683	4.47571e-05	9.63734
684	3.67212e-05	9.78264
685	3.42866e-05	9.8274
686	3.58408e-05	9.81934
687	3.33187e-05	9.8718
688	3.5032e-05	9.85813
689	3.25873e-05	9.91198
690	3.4628e-05	9.88566
691	4.31165e-05	9.72565
692	4.56101e-05	9.70307
693	4.36036e-05	9.72075
694	3.54642e-05	9.86859
695	3.37628e-05	9.88965
696	3.73126e-05	9.8101
697	4.93187e-05	9.55479
698	8.00867e-05	9.06492
699	9.31398e-05	9.01099
700	0.000126038	8.80119
701	0.000139709	8.78258
702	0.000143896	8.78251
703	0.000141396	8.77258
704	0.000145253	8.77127
705	0.000158456	8.75222
706	0.000161696	8.75122
707	0.000157441	8.74539
708	0.000141953	8.76489
709	0.000136753	8.76178
710	0.000138189	8.76237
711	0.0001322	8.76147
712	0.000132757	8.76342
713	0.000126256	8.76282
714	0.000108132	8.81708
715	0.000101486	8.81694
716	0.000100788	8.81826
717	9.43605e-05	8.81218
718	7.81746e-05	8.85965
719	4.1699e-05	9.47432
720	2.7294e-05	9.87793
721	2.20535e-05	10.0438
722	2.11117e-05	10.0772
723	1.66643e-05	10.2782
724	1.60256e-05	10.3174
725	1.23334e-05	10.5728
726	1.21289e-05	10.6021
727	1.53917e-05	10.4011
728	1.5856e-05	10.3797
729	2.08255e-05	10.1346
730	3.67635e-05	9.54039
731	4.47986e-05	9.43801
732	4.79068e-05	9.4055
733	4.66001e-05	9.38909
734	5.22505e-05	9.31097
735	7.2949e-05	9.01261
736	8.22951e-05	8.94507
737	0.00011366	8.67689
738	0.000204038	8.09983
739	0.000455785	7.35138
740	0.000581214	7.30771
741	0.000920341	7.02582
742	0.00182075	6.4884
743	0.00225051	6.46928
744	0.00245175	6.49965
745	0.0025427	6.52691
746	0.00277456	6.54621
747	0.00287574	6.56931
748	0.00312639	6.58208
749	0.0032319	6.60214
750	0.00326842	6.61259
751	0.00337194	6.63211
752	0.00361668	6.64652
753	0.00371307	6.66516
754	0.00374169	6.67384
755	0.00372765	6.67101
756	0.00366166	6.65775
757	0.00364609	6.65478
758	0.00358156	6.64088
759	0.00342398	6.62118
760	0.00306758	6.62087
761	0.00228064	6.77957
762	0.00196884	6.78735
763	0.00129676	7.04733
764	0.00103719	7.09251
765	0.000489673	7.82317
766	0.000283599	8.4031
767	0.000211008	8.70003
768	0.000196981	8.76207
769	0.000145792	9.13936
770	0.000143861	9.15081
771	0.000186968	8.81478
772	0.000195899	8.76476
773	0.000252089	8.50708
774	0.000270129	8.45833
775	0.000337545	8.27446
776	0.000511552	7.85954
777	0.000586994	7.81114
778	0.000616194	7.81014
779	0.000620949	7.80499
780	0.000651718	7.80467
781	0.000658313	7.80159
782	0.0006472	7.78377
783	0.000653637	7.78219
784	0.000680185	7.78571
785	0.000685147	7.78488
786	0.000674151	7.77154
787	0.00063972	7.75243
788	0.000556312	7.77202
789	0.000522077	7.75234
790	0.000441138	7.78275
791	0.000408275	7.75938
792	0.000396205	7.73681
793	0.000366102	7.70464
794	0.000298999	7.70936
795	0.000153429	8.17153
796	9.66307e-05	8.38735
797	7.49187e-05	8.39086
798	2.90727e-05	9.06215
799	1.1974e-05	9.79301
800	6.14801e-06	10.4859
801	5.50326e-06	10.5847
802	9.26965e-06	9.95634
803	2.10987e-05	9.22394
804	2.60973e-05	9.17005
805	4.0416e-05	8.94734
806	7.70925e-05	8.50608
807	9.34868e-05	8.49945
808	0.000134359	8.33596
809	0.00023362	7.95233
810	0.000276783	7.94965
811	0.000379058	7.80815
812	0.000422239	7.82114
813	0.000439365	7.84325
814	0.000480316	7.85345
815	0.000495647	7.87057
816	0.000532482	7.88095
817	0.000545277	7.89436
818	0.000545289	7.89539
819	0.000532327	7.885
820	0.00049451	7.88262
821	0.000398362	7.99988
822	0.000355781	8.01681
823	0.000338076	8.00374
824	0.000293189	8.02874
825	0.000274826	8.01172
826	0.000230429	8.04053
827	0.000212665	8.01605
828	0.00017137	8.03826
829	7.9749e-05	8.69707
830	4.35536e-05	9.25617
831	2.9848e-05	9.585
832	2.56955e-05	9.70093
833	2.6907e-05	9.69968
834	2.39502e-05	9.78209
835	1.5463e-05	10.2653
836	1.35827e-05	10.4015
837	1.60284e-05	10.221
838	2.44946e-05	9.7787
839	4.5638e-05	9.18134
840	5.43681e-05	9.13992
841	5.72034e-05	9.14094
842	5.62762e-05	9.12837
843	5.88932e-05	9.13233
844	6.69333e-05	9.11542
845	8.60798e-05	9.00096
846	9.33764e-05	9.00769
847	9.484e-05	9.01661
848	9.14861e-05	9.01914
849	9.22837e-05	9.03014
850	8.78943e-05	9.03986
851	8.81433e-05	9.05255
852	8.2867e-05	9.07055
853	6.74061e-05	9.21058
854	6.15402e-05	9.25522
855	6.14209e-05	9.26989
856	5.53581e-05	9.32739
857	3.85756e-05	9.716
858	3.27153e-05	9.88264
859	3.33692e-05	9.86266
860	2.80537e-05	10.0512
861	2.93393e-05	9.98075
862	3.83366e-05	9.63679
863	6.24276e-05	9.04035
864	7.20106e-05	8.95797
865	9.66451e-05	8.71973
866	0.000106172	8.68824
867	0.000108059	8.67401
868	0.000116825	8.64995
869	0.000118199	8.63673
870	0.000113543	8.60692
871	0.000114091	8.59347
872	0.000119755	8.58602
873	0.000119315	8.57309
874	0.00012317	8.57171
875	0.000121728	8.55776
876	0.000114323	8.52884
877	0.000112032	8.51031
878	0.000103978	8.47431
879	8.40787e-05	8.46742
880	3.72908e-05	9.05915
881	1.75383e-05	9.66165
882	9.32286e-06	10.1996
883	6.0347e-06	10.5594
884	4.92646e-06	10.7072
885	4.98696e-06	10.7133
886	3.88347e-06	10.8977
887	3.83344e-06	10.9089
888	2.73427e-06	11.1914
889	2.60427e-06	11.2196
890	3.29735e-06	11.015
891	5.3102e-06	10.6169
892	5.87309e-06	10.579
893	5.39442e-06	10.6055
894	5.7985e-06	10.5798
895	7.4333e-06	10.4432
896	1.15098e-05	10.1258
897	2.09774e-05	9.65407
898	2.47281e-05	9.64083
899	2.57545e-05	9.65546
900	2.9088e-05	9.64739
901	2.96814e-05	9.65917
902	2.77899e-05	9.68615
903	2.78815e-05	9.69921
904	3.02395e-05	9.69427
905	2.9798e-05	9.71018
906	2.59825e-05	9.79966
907	2.50112e-05	9.82821
908	2.63835e-05	9.82243
909	3.10454e-05	9.74893
910	3.19576e-05	9.74961
911	2.99651e-05	9.77802
912	2.34215e-05	9.97885
913	2.10287e-05	10.0448
914	2.10717e-05	10.0463
915	2.343e-05	9.99203
916	2.312e-05	9.99575
917	2.00591e-05	10.0682
918	1.94172e-05	10.0758
919	2.05857e-05	10.0525
920	1.9646e-05	10.0608
921	1.59718e-05	10.1732
922	1.47561e-05	10.1942
923	1.08088e-05	10.4239
924	9.36097e-06	10.4989
925	9.2901e-06	10.4897
926	7.63126e-06	10.604
927	7.30687e-06	10.6073
928	5.45029e-06	10.8206
929	4.91686e-06	10.8644
930	5.25835e-06	10.7951
931	6.58086e-06	10.6176
932	6.64497e-06	10.599
933	5.60933e-06	10.6581
934	5.42905e-06	10.6607
935	4.10059e-06	10.8169
936	3.71081e-06	10.8688
937	4.04767e-06	10.8428
938	3.46201e-06	10.9507
939	3.70092e-06	10.9243
940	2.90497e-06	11.1472
941	3.09637e-06	11.0945
942	4.63318e-06	10.7046
943	9.03794e-06	10.0923
944	2.04445e-05	9.42873
945	2.55013e-05	9.4037
946	3.85385e-05	9.19361
947	4.41216e-05	9.19124
948	5.84751e-05	9.0666
949	9.36342e-05	8.7228
950	0.000108766	8.70672
951	0.000145246	8.55419
952	0.000231057	8.19096
953	0.000267117	8.17561
954	0.000281442	8.19347
955	0.000285288	8.20197
956	0.000281254	8.19493
957	0.000264667	8.18498
958	0.000258402	8.1756
959	0.000259113	8.17892
960	0.000250678	8.16877
961	0.000249811	8.16984
962	0.000239577	8.15888
963	0.000211628	8.17577
964	0.000200265	8.16251
965	0.000171225	8.18835
966	0.000159584	8.17078
967	0.000131303	8.19965
968	6.69998e-05	8.80326
969	4.11237e-05	9.23903
970	3.12717e-05	9.44553
971	2.86127e-05	9.51765
972	2.04422e-05	9.84222
973	1.87262e-05	9.9587
974	1.23741e-05	10.5271
975	1.18521e-05	10.6653
976	1.70203e-05	10.309
977	3.45533e-05	9.60688
978	4.33345e-05	9.52155
979	7.20017e-05	9.14017
980	8.73196e-05	9.08153
981	0.000136565	8.74267
982	0.000163656	8.68497
983	0.000249691	8.35007
984	0.000297346	8.29216
985	0.000446355	7.96403
986	0.000528389	7.90951
987	0.000571074	7.90617
988	0.000587589	7.90808
989	0.000658532	7.87149
990	0.000877083	7.6493
991	0.00151702	7.0977
992	0.00185171	7.03056
993	0.00280845	6.71513
994	0.00329841	6.68494
995	0.00466663	6.45658
996	0.00535292	6.44077
997	0.00722771	6.25941
998	0.00814984	6.25105
999	0.00859518	6.26993
1000	0.00879898	6.28661
1001	0.00886931	6.29392
1002	0.00912804	6.31119
1003	0.00922325	6.32008
1004	0.00954141	6.33691
1005	0.00966369	6.34699
1006	0.0100448	6.36239
1007	0.010196	6.37325
1008	0.0106427	6.38646
1009	0.0108245	6.39774
1010	0.0108568	6.40095
1011	0.0107608	6.39595
1012	0.0104778	6.38676
1013	0.00983677	6.38943
1014	0.0084612	6.46833
1015	0.00794167	6.46952
1016	0.0068468	6.53871
1017	0.00644509	6.53552
1018	0.00561137	6.58418
1019	0.00392706	6.91984
1020	0.00331885	7.01293
1021	0.00311173	7.01716
1022	0.00306836	7.01544
1023	0.00293164	7.00933
1024	0.00264488	7.02307
1025	0.00208704	7.15207
1026	0.00190168	7.15433
1027	0.00154054	7.23454
1028	0.000860281	7.85013
1029	0.000633617	8.12302
1030	0.000567568	8.18257
1031	0.000429838	8.44427
1032	0.00039561	8.49507
1033	0.000413041	8.46218
1034	0.000399108	8.47239
1035	0.000353667	8.53938
1036	0.000262648	8.82751
1037	0.000238402	8.88488
1038	0.0002442	8.8627
1039	0.00023227	8.87709
1040	0.000200295	8.95771
1041	0.00019547	8.95955
1042	0.000208663	8.93728
1043	0.000208306	8.93618
1044	0.0001956	8.94691
1045	0.000198962	8.94656
1046	0.000191036	8.95264
1047	0.000167012	9.0114
1048	0.000163313	9.01618
1049	0.000144764	9.07643
1050	0.000146023	9.06658
1051	0.000132497	9.12061
1052	9.44641e-05	9.49559
1053	8.64309e-05	9.57866
1054	0.00010363	9.32385
1055	0.000168852	8.67858
1056	0.000360386	7.81605
1057	0.000457148	7.72861
1058	0.000502624	7.72356
1059	0.000638882	7.60668
1060	0.00101311	7.2258
1061	0.00119506	7.18742
1062	0.00127994	7.19649
1063	0.00131346	7.20397
1064	0.00141867	7.20217
1065	0.00169318	7.11367
1066	0.00181567	7.11019
1067	0.00186391	7.11577
1068	0.00199774	7.10644
1069	0.0023241	7.01842
1070	0.00246106	7.01346
1071	0.00251164	7.01802
1072	0.00264264	7.01343
1073	0.00268881	7.01743
1074	0.00269054	7.01452
1075	0.00265273	7.00164
1076	0.00255043	6.98185
1077	0.00231355	6.97622
1078	0.00221881	6.95141
1079	0.00200413	6.93482
1080	0.00191934	6.90355
1081	0.00173133	6.87182
1082	0.00165803	6.83321
1083	0.00149894	6.78362
1084	0.00116063	6.76718
1085	0.000448935	7.38441
1086	0.000177842	8.02401
1087	7.55883e-05	8.65825
1088	3.74681e-05	9.18108
1089	2.35565e-05	9.45686
1090	1.88752e-05	9.51987
1091	8.72187e-06	10.2345
1092	5.40484e-06	10.7391
1093	4.99555e-06	10.8277
1094	6.60891e-06	10.557
1095	6.45553e-06	10.5587
1096	7.95481e-06	10.406
1097	7.87315e-06	10.3899
1098	9.16343e-06	10.3058
1099	8.98048e-06	10.2952
1100	9.98408e-06	10.2503
1101	1.27578e-05	10.1139
1102	1.89547e-05	9.82844
1103	2.11127e-05	9.8176
1104	2.1251e-05	9.82271
1105	1.94149e-05	9.8457
1106	1.905e-05	9.85414
1107	1.64065e-05	9.92126
1108	1.55289e-05	9.94027
1109	1.20323e-05	10.1193
1110	1.06752e-05	10.1857
1111	1.06452e-05	10.192
1112	8.85893e-06	10.3122
1113	8.49528e-06	10.3351
1114	9.263e-06	10.2935
1115	1.1522e-05	10.1606
1116	1.19009e-05	10.1502
1117	1.08761e-05	10.1667
1118	7.60017e-06	10.4083
1119	6.26623e-06	10.4965
1120	5.97596e-06	10.4987
1121	4.33352e-06	10.7014
1122	3.79743e-06	10.7523
1123	3.98248e-06	10.6921
1124	4.93167e-06	10.5234
1125	7.08358e-06	10.2353
1126	7.60683e-06	10.2084
1127	7.12506e-06	10.201
1128	7.26234e-06	10.1889
1129	6.40659e-06	10.1945
1130	3.71848e-06	10.5829
1131	2.47394e-06	10.873
1132	1.98863e-06	11.0352
1133	2.02092e-06	11.079
1134	2.66491e-06	10.976
1135	2.55746e-06	11.0428
1136	3.19386e-06	10.947
1137	2.97631e-06	11.0271
1138	3.74111e-06	10.8723
1139	6.49506e-06	10.3982
1140	1.44004e-05	9.72071
1141	1.81569e-05	9.67266
1142	1.94301e-05	9.67477
1143	2.45139e-05	9.59231
1144	3.91104e-05	9.27823
1145	7.88096e-05	8.72431
1146	0.000185111	8.07695
1147	0.00023651	8.07128
1148	0.000372496	7.85555
1149	0.000437417	7.8675
1150	0.000607696	7.72772
1151	0.000688221	7.73845
1152	0.000898213	7.62401
1153	0.00144192	7.26257
1154	0.00169787	7.24034
1155	0.00181712	7.2604
1156	0.00187014	7.27927
1157	0.00188733	7.28801
1158	0.00194986	7.30365
1159	0.00196947	7.31144
1160	0.00195494	7.3094
1161	0.00188961	7.30476
1162	0.00187324	7.30307
1163	0.00180197	7.30064
1164	0.0016178	7.34218
1165	0.00154488	7.34317
1166	0.00136167	7.40072
1167	0.00129177	7.40536
1168	0.00127828	7.4063
1169	0.00121551	7.40931
1170	0.0012054	7.41069
1171	0.00115262	7.41019
1172	0.00102837	7.4461
1173	0.000986827	7.44231
1174	0.000890173	7.46114
1175	0.000859585	7.45295
1176	0.000788558	7.45122
1177	0.000644517	7.52216
1178	0.000362148	8.11227
1179	0.000263268	8.37329
1180	0.00023028	8.42441
1181	0.000164867	8.69462
1182	0.000143729	8.7468
1183	0.000139736	8.74968
1184	0.000126531	8.75721
1185	9.92134e-05	8.83881
1186	4.63751e-05	9.61678
1187	2.84475e-05	10.1382
1188	2.34365e-05	10.3212
1189	2.49079e-05	10.2585
1190	3.35987e-05	9.9728
1191	3.623e-05	9.92992
1192	3.45679e-05	9.94596
1193	3.8508e-05	9.88481
1194	3.79437e-05	9.88528
1195	4.36874e-05	9.79524
1196	6.23282e-05	9.47944
1197	7.06614e-05	9.42156
1198	9.65283e-05	9.16985
1199	0.000108452	9.1244
1200	0.000111784	9.11478
1201	0.000106994	9.12256
1202	0.000112364	9.10141
1203	0.000134941	8.97691
1204	0.000198854	8.61182
1205	0.000228347	8.56031
1206	0.000238978	8.55577
1207	0.000275997	8.49472
1208	0.000289686	8.48954
1209	0.000334417	8.42637
1210	0.000451821	8.19131
1211	0.000748342	7.71365
1212	0.000882605	7.67622
1213	0.000941451	7.69095
1214	0.000963416	7.70364
1215	0.00102816	7.71488
1216	0.00105227	7.7267
1217	0.00105176	7.727
1218	0.00107768	7.7389
1219	0.00107753	7.74016
1220	0.00105017	7.73282
1221	0.000974092	7.73938
1222	0.000946893	7.73373
1223	0.000871803	7.74632
1224	0.000845796	7.7426
1225	0.000774395	7.75991
1226	0.000608615	7.93973
1227	0.000543757	7.985
1228	0.000523625	7.99116
1229	0.000467681	8.03697
1230	0.000451857	8.04374
1231	0.000406196	8.08223
1232	0.000305768	8.32309
1233	0.000270603	8.38622
1234	0.000193985	8.72523
1235	0.000168503	8.83302
1236	0.000165595	8.85214
1237	0.000148268	8.92515
1238	0.000109434	9.2452
1239	9.84638e-05	9.32981
1240	0.00010131	9.31433
1241	9.49561e-05	9.34806
1242	9.96366e-05	9.31499
1243	9.63769e-05	9.3153
1244	8.45125e-05	9.36213
1245	5.84607e-05	9.66644
1246	5.00424e-05	9.73673
1247	4.96977e-05	9.70085
1248	5.59908e-05	9.57409
1249	5.60587e-05	9.54023
1250	5.05384e-05	9.54768
1251	5.05737e-05	9.51535
1252	5.54604e-05	9.44048
1253	6.78102e-05	9.26675
1254	7.15921e-05	9.24041
1255	7.0808e-05	9.22446
1256	6.53362e-05	9.20906
1257	6.40551e-05	9.19361
1258	5.83064e-05	9.1771
1259	5.65999e-05	9.16102
1260	5.05665e-05	9.144
1261	3.55804e-05	9.28065
1262	2.93379e-05	9.28891
1263	1.41317e-05	9.86342
1264	7.84288e-06	10.4074
1265	5.73961e-06	10.7605
1266	6.43287e-06	10.6694
1267	1.11494e-05	10.1146
1268	1.26022e-05	10.0463
1269	1.94558e-05	9.71818
1270	3.96345e-05	9.12834
1271	4.93482e-05	9.08119
1272	7.72369e-05	8.81213
1273	0.000153696	8.27421
1274	0.000191172	8.24748
1275	0.000292394	8.0051
1276	0.000562132	7.49905
1277	0.000692188	7.48018
1278	0.00103404	7.26247
1279	0.00192605	6.79359
1280	0.00234898	6.78185
1281	0.0025482	6.81496
1282	0.00264029	6.84439
1283	0.00267863	6.86166
1284	0.00268316	6.86594
1285	0.00264949	6.85808
1286	0.00265452	6.86365
1287	0.00261364	6.85708
1288	0.0026214	6.86457
1289	0.00257619	6.86014
1290	0.0025902	6.86995
1291	0.00268707	6.89372
1292	0.00271173	6.90496
1293	0.00267239	6.90608
1294	0.00253721	6.91221
1295	0.00221307	6.98506
1296	0.00209542	6.99528
1297	0.00181485	7.07447
1298	0.00120491	7.58336
1299	0.000978117	7.81215
1300	0.000910544	7.87885
1301	0.000930577	7.88139
1302	0.000888037	7.92426
1303	0.000922408	7.91597
1304	0.00090102	7.937
1305	0.000946007	7.92255
1306	0.000940607	7.92951
1307	0.000891009	7.95497
1308	0.00078056	8.04706
1309	0.000751906	8.05649
1310	0.000763194	8.05353
1311	0.000747731	8.05062
1312	0.000703379	8.05227
1313	0.0006128	8.09546
1314	0.000436256	8.36596
1315	0.000374625	8.41634
1316	0.000354814	8.40529
1317	0.000310611	8.42379
1318	0.000296184	8.40649
1319	0.000262853	8.40551
1320	0.000192752	8.55973
1321	0.000166795	8.5673
1322	0.000111772	8.80984
1323	9.13792e-05	8.85621
1324	8.47737e-05	8.84265
1325	6.88999e-05	8.87219
1326	3.52819e-05	9.40224
1327	2.31817e-05	9.68563
1328	1.99342e-05	9.74621
1329	1.09434e-05	10.3299
1330	9.04577e-06	10.4841
1331	1.19232e-05	10.1102
1332	2.18302e-05	9.49023
1333	4.70309e-05	8.84852
1334	0.000108144	8.24889
1335	0.000253674	7.68997
1336	0.000595769	7.16064
1337	0.00074084	7.18986
1338	0.000801365	7.23952
1339	0.000825481	7.27203
1340	0.000881607	7.31278
1341	0.000902905	7.33877
1342	0.000907281	7.34792
1343	0.000897592	7.34327
1344	0.000863224	7.33424
1345	0.000769751	7.36797
1346	0.000726755	7.36272
1347	0.000615705	7.43774
1348	0.000566197	7.44144
1349	0.000444077	7.59134
1350	0.000391446	7.61932
1351	0.000370099	7.60825
1352	0.00031827	7.63884
1353	0.000200391	8.03977
1354	0.000152973	8.20512
1355	0.000134794	8.23222
1356	9.43792e-05	8.48602
1357	7.94925e-05	8.54925
1358	7.56035e-05	8.56329
1359	6.4432e-05	8.60546
1360	4.03182e-05	8.93884
1361	3.2949e-05	9.03291
1362	1.60505e-05	9.7909
1363	1.25171e-05	10.0551
1364	1.91967e-05	9.43251
1365	4.62035e-05	8.51079
1366	0.000131124	7.66876
1367	0.00038831	6.91189
1368	0.000527959	6.90398
1369	0.000937991	6.60486
1370	0.00115401	6.60451
1371	0.00126535	6.63769
1372	0.00157907	6.58542
1373	0.00244338	6.29407
1374	0.00478399	5.73821
1375	0.0110202	5.07545
1376	0.014009	5.0668
1377	0.0154182	5.10776
1378	0.0189997	5.08127
1379	0.0206368	5.11245
1380	0.0213722	5.14254
1381	0.0216927	5.16232
1382	0.0224765	5.19249
1383	0.0228085	5.21213
1384	0.0236061	5.24273
1385	0.0239363	5.2621
1386	0.0240533	5.27105
1387	0.0240476	5.27128
1388	0.0241584	5.28036
1389	0.0241482	5.28052
1390	0.0240122	5.27228
1391	0.023654	5.25478
1392	0.0228263	5.2283
1393	0.0209787	5.20327
1394	0.0169316	5.24222
1395	0.00820515	5.95004
1396	0.00481809	6.50088
1397	0.00352362	6.77145
1398	0.00303911	6.8378
1399	0.00286788	6.835
1400	0.00250744	6.87492
1401	0.00178664	7.15543
1402	0.00153296	7.21549
1403	0.00103652	7.58699
1404	0.000867358	7.6906
1405	0.000818088	7.70078
1406	0.000822368	7.70794
1407	0.000795328	7.70681
1408	0.000731237	7.71176
1409	0.000609061	7.77431
1410	0.000387081	8.16162
1411	0.000316331	8.24867
1412	0.00018791	8.76139
1413	0.00014792	8.92375
1414	0.00013904	8.93948
1415	0.000116526	9.01649
1416	7.26359e-05	9.45404
1417	5.96306e-05	9.5842
1418	5.95572e-05	9.57059
1419	7.01064e-05	9.45294
1420	9.92241e-05	9.15903
1421	0.00011087	9.12826
1422	0.000113533	9.12819
1423	0.000109305	9.13176
1424	9.54145e-05	9.1846
1425	9.207e-05	9.19396
1426	9.66028e-05	9.19177
1427	0.000113536	9.12349
1428	0.000119431	9.11743
1429	0.000117473	9.12445
1430	0.000105499	9.18216
1431	0.00010435	9.18878
1432	0.000114066	9.13996
1433	0.000113862	9.14108
1434	0.000102717	9.21125
1435	0.000103559	9.20471
1436	9.31778e-05	9.28547
1437	9.50856e-05	9.26767
1438	0.000111095	9.12962
1439	0.000113937	9.11164
1440	0.000131111	9.00692
1441	0.000175924	8.73302
1442	0.000193494	8.6992
1443	0.000197324	8.69589
1444	0.000214672	8.676
1445	0.000258074	8.57857
1446	0.000274911	8.57757
1447	0.000278745	8.58072
1448	0.000272861	8.57349
1449	0.000252981	8.57052
1450	0.000247248	8.56392
1451	0.000227562	8.56423
1452	0.000222024	8.55959
1453	0.000202489	8.56696
1454	0.000154096	8.7376
1455	0.000135045	8.78392
1456	8.80835e-05	9.21869
1457	7.01318e-05	9.4385
1458	6.67672e-05	9.48732
1459	7.55002e-05	9.38411
1460	0.000104074	9.06164
1461	0.000177008	8.50445
1462	0.000208438	8.44957
1463	0.000220054	8.45037
1464	0.000220176	8.44819
1465	0.000209236	8.43881
1466	0.000210051	8.43719
1467	0.000200274	8.42572
1468	0.000201439	8.42708
1469	0.000214075	8.43903
1470	0.00021539	8.44481
1471	0.000228279	8.46292
1472	0.000229867	8.47323
1473	0.000221081	8.47777
1474	0.00019505	8.52763
1475	0.000186941	8.54106
1476	0.000161898	8.61654
1477	0.000155291	8.63944
1478	0.000163144	8.64918
1479	0.000159048	8.66901
1480	0.000139126	8.75311
1481	8.98754e-05	9.29094
1482	7.39701e-05	9.53591
1483	7.789e-05	9.47837
1484	0.000107091	9.08503
1485	0.000116172	9.01343
1486	0.000155488	8.72596
1487	0.000264238	8.1657
1488	0.000547584	7.4544
1489	0.000679066	7.41157
1490	0.000738006	7.42986
1491	0.000888777	7.3803
1492	0.000954851	7.3935
1493	0.000980416	7.40597
1494	0.00105044	7.41503
1495	0.00121956	7.36797
1496	0.00128991	7.37846
1497	0.00131523	7.38899
1498	0.00131517	7.38796
1499	0.00128922	7.37473
1500	0.0012873	7.37411
1501	0.00125903	7.36153
1502	0.00118226	7.34975
1503	0.00115299	7.3365
1504	0.00107635	7.32376
1505	0.000897061	7.37912
1506	0.000824555	7.36583
1507	0.000799123	7.35032
1508	0.000734394	7.32995
1509	0.000589662	7.36946
1510	0.000277219	8.10005
1511	0.000157404	8.72097
1512	0.000114787	9.07345
1513	0.000107285	9.15076
1514	0.000127383	8.97563
1515	0.000127007	8.97652
1516	0.000106694	9.14823
1517	0.000112905	9.08197
1518	0.000149702	8.77501
1519	0.000249775	8.21706
1520	0.000293327	8.15395
1521	0.000309041	8.14817
1522	0.000357183	8.09988
1523	0.000375298	8.10028
1524	0.000376903	8.09386
1525	0.000395901	8.09909
1526	0.000445882	8.07766
1527	0.000464576	8.08753
1528	0.000466931	8.08842
1529	0.000484636	8.10191
1530	0.000486427	8.10501
1531	0.000473969	8.09625
1532	0.000475197	8.10101
1533	0.000462374	8.09393
1534	0.000425979	8.09752
1535	0.000339272	8.22649
1536	0.000304207	8.2462
1537	0.000222336	8.47694
1538	0.000190046	8.54157
1539	0.000116057	9.08837
1540	8.77008e-05	9.38555
1541	7.95009e-05	9.48555
1542	8.36352e-05	9.47008
1543	0.000103161	9.31631
1544	0.000108808	9.30224
1545	0.000104945	9.3301
1546	0.000112073	9.30589
1547	0.000110139	9.3174
1548	9.86156e-05	9.38415
1549	9.82767e-05	9.38487
1550	8.94622e-05	9.43171
1551	9.03347e-05	9.42246
1552	8.34044e-05	9.45562
1553	8.50929e-05	9.43985
1554	7.93564e-05	9.46731
1555	8.14876e-05	9.44894
1556	7.64519e-05	9.47626
1557	7.8715e-05	9.45858
1558	7.40911e-05	9.48734
1559	7.62568e-05	9.4726
1560	7.19138e-05	9.50118
1561	7.38366e-05	9.49053
1562	6.97494e-05	9.5164
1563	7.13596e-05	9.50998
1564	6.75347e-05	9.53084
1565	6.88337e-05	9.52823
1566	6.52689e-05	9.5427
1567	5.4762e-05	9.64365
1568	5.14777e-05	9.66128
1569	4.19212e-05	9.78549
1570	3.89417e-05	9.81223
1571	3.025e-05	9.99243
1572	2.76032e-05	10.0429
1573	1.96982e-05	10.3705
1574	1.74348e-05	10.4887
1575	1.89636e-05	10.4395
1576	1.71596e-05	10.5466
1577	1.94419e-05	10.4527
1578	2.84431e-05	10.09
1579	3.18749e-05	10.0336
1580	3.12941e-05	10.0488
1581	3.6483e-05	9.94837
1582	5.3795e-05	9.59429
1583	6.16374e-05	9.53019
1584	8.65933e-05	9.25185
1585	9.83045e-05	9.20038
1586	0.000134305	8.95245
1587	0.000151455	8.90705
1588	0.000202651	8.67821
1589	0.000227078	8.63778
1590	0.000297974	8.42736
1591	0.000331551	8.39233
1592	0.000344058	8.38708
1593	0.000388355	8.33092
1594	0.000405252	8.32158
1595	0.000461144	8.25205
1596	0.000482676	8.24092
1597	0.00054999	8.16792
1598	0.000575961	8.1576
1599	0.000653353	8.08987
1600	0.000849372	7.86247
1601	0.000934557	7.83595
1602	0.000967106	7.83934
1603	0.000969704	7.83896
1604	0.00100416	7.84422
1605	0.00100801	7.84517
1606	0.000984626	7.83749
1607	0.000989805	7.84005
1608	0.000969013	7.83258
1609	0.000908702	7.82813
1610	0.000890916	7.82068
1611	0.000837337	7.81336
1612	0.000822975	7.80635
1613	0.000776591	7.79666
1614	0.000669188	7.83396
1615	0.000434528	8.23002
1616	0.000344211	8.38918
1617	0.000312947	8.42104
1618	0.000239567	8.63989
1619	0.000215666	8.69329
1620	0.000158298	9.00888
1621	0.000141068	9.0976
1622	0.000144687	9.06386
1623	0.000133068	9.11721
1624	0.000138609	9.07659
1625	0.000131353	9.09875
1626	0.000109448	9.23478
1627	0.000105389	9.24621
1628	0.000112646	9.20711
1629	0.000110856	9.20604
1630	0.000118783	9.18253
1631	0.000118689	9.17831
1632	0.000111383	9.17907
1633	0.000112852	9.17321
1634	0.000107681	9.16723
1635	9.24893e-05	9.20483
1636	5.71408e-05	9.64606
1637	4.40475e-05	9.86615
1638	4.22124e-05	9.88182
1639	5.12204e-05	9.66007
1640	5.13542e-05	9.64158
1641	6.48394e-05	9.40596
1642	0.000107098	8.87815
1643	0.000126327	8.8035
1644	0.000183435	8.52535
1645	0.000209848	8.49124
1646	0.000285404	8.29523
1647	0.000320588	8.2752
1648	0.000418499	8.11597
1649	0.000678794	7.69449
1650	0.00136303	7.05944
1651	0.00168936	7.02599
1652	0.00184352	7.05224
1653	0.00191416	7.07843
1654	0.00210279	7.09585
1655	0.00218912	7.12061
1656	0.00222302	7.13575
1657	0.00222149	7.13806
1658	0.00217656	7.12971
1659	0.0020455	7.12714
1660	0.00199819	7.12341
1661	0.00201015	7.13748
1662	0.00196676	7.14098
1663	0.00200294	7.16197
1664	0.00197489	7.17322
1665	0.00206304	7.19256
1666	0.00206971	7.20724
1667	0.00226168	7.19853
1668	0.00233543	7.20414
1669	0.0022947	7.22367
1670	0.00209356	7.29918
1671	0.00160777	7.63893
1672	0.00149501	7.7336
1673	0.00167107	7.61909
1674	0.00166732	7.62941
1675	0.00203905	7.39579
1676	0.00217052	7.33973
1677	0.00282503	7.04742
1678	0.00312594	6.97399
1679	0.00417019	6.68529
1680	0.00468147	6.62218
1681	0.00623024	6.36424
1682	0.0105591	5.79331
1683	0.0127124	5.72292
1684	0.0137572	5.72649
1685	0.0165708	5.63853
1686	0.0179037	5.63842
1687	0.0185109	5.65112
1688	0.0201034	5.64254
1689	0.020815	5.654
1690	0.021105	5.66284
1691	0.0211717	5.66357
1692	0.0214871	5.6737
1693	0.0215716	5.67617
1694	0.0218904	5.68737
1695	0.0219802	5.69102
1696	0.0219231	5.6862
1697	0.0216956	5.67231
1698	0.0211623	5.64929
1699	0.0200005	5.62233
1700	0.0195549	5.59944
1701	0.0185975	5.5697
1702	0.016585	5.55244
1703	0.0158245	5.51739
1704	0.0142579	5.48196
1705	0.0110751	5.50555
1706	0.00468545	6.2383
1707	0.0023678	6.87183
1708	0.00153785	7.22424
1709	0.00124697	7.3158
1710	0.00115373	7.31233
1711	0.000962366	7.35881
1712	0.00059665	7.73862
1713	0.000477264	7.83608
1714	0.000250286	8.55575
1715	0.000180088	8.913
1716	0.000169942	8.95445
1717	0.000131521	9.24734
1718	0.000132668	9.21494
1719	0.000165034	8.94915
1720	0.000172407	8.90354
1721	0.00016419	8.90924
1722	0.000174262	8.86687
1723	0.000205959	8.74524
1724	0.000216421	8.72768
1725	0.000216039	8.71594
1726	0.000206669	8.69436
1727	0.000206802	8.68618
1728	0.000199059	8.66597
1729	0.000178518	8.65741
1730	0.000171038	8.63895
1731	0.000151038	8.64158
1732	0.000103463	8.89937
1733	8.35378e-05	8.98953
1734	7.57358e-05	8.99892
1735	5.62647e-05	9.17969
1736	4.86721e-05	9.22511
1737	4.66584e-05	9.23386
1738	3.96074e-05	9.2872
1739	2.30346e-05	9.81094
1740	1.67865e-05	10.1005
1741	1.51311e-05	10.1887
1742	1.63441e-05	10.1538
1743	1.49962e-05	10.2113
1744	1.04674e-05	10.5722
1745	9.3866e-06	10.6642
1746	1.0556e-05	10.5476
1747	1.46793e-05	10.2293
1748	1.57855e-05	10.1832
1749	1.96821e-05	10.033
1750	2.0639e-05	10.0087
1751	2.42669e-05	9.91944
1752	2.49875e-05	9.90385
1753	2.32925e-05	9.91233
1754	2.37099e-05	9.89756
1755	2.6647e-05	9.83301
1756	2.67033e-05	9.82382
1757	2.37802e-05	9.86596
1758	2.34199e-05	9.86063
1759	1.98414e-05	9.94688
1760	1.90611e-05	9.95211
1761	2.05119e-05	9.89653
1762	2.50094e-05	9.74374
1763	2.59158e-05	9.72179
1764	2.93607e-05	9.65818
1765	3.71329e-05	9.50064
1766	3.95484e-05	9.48988
1767	3.92574e-05	9.48167
1768	3.61846e-05	9.47071
1769	2.7631e-05	9.57633
1770	2.3897e-05	9.58642
1771	1.4032e-05	10.0036
1772	9.65024e-06	10.2788
1773	7.86816e-06	10.3991
1774	7.47055e-06	10.4143
1775	8.11441e-06	10.3558
1776	7.43093e-06	10.3827
1777	7.68909e-06	10.3522
1778	6.74114e-06	10.3906
1779	6.6705e-06	10.3725
1780	5.48127e-06	10.4314
1781	5.14755e-06	10.4187
1782	3.71873e-06	10.5335
1783	3.16828e-06	10.5293
1784	1.4942e-06	11.0056
1785	7.63484e-07	11.4489
1786	4.80633e-07	11.761
1787	4.53237e-07	11.763
1788	6.58342e-07	11.4858
1789	1.20159e-06	11.111
1790	1.24107e-06	11.1231
1791	1.57729e-06	11.0518
1792	1.4248e-06	11.1316
1793	1.57193e-06	11.1237
1794	2.1265e-06	10.9793
1795	3.43499e-06	10.6755
1796	6.3136e-06	10.2634
1797	7.29499e-06	10.264
1798	7.26423e-06	10.2917
1799	6.04396e-06	10.4228
1800	5.65305e-06	10.4865
1801	5.97569e-06	10.4954
1802	7.3133e-06	10.4215
1803	7.342e-06	10.4491
1804	8.37354e-06	10.4212
1805	1.1162e-05	10.2823
1806	1.19196e-05	10.2905
1807	1.12073e-05	10.3416
1808	1.17599e-05	10.3538
1809	1.42268e-05	10.2805
1810	1.4676e-05	10.2886
1811	1.31449e-05	10.3796
1812	1.36215e-05	10.3666
1813	1.17352e-05	10.512
1814	1.24035e-05	10.4491
1815	1.68741e-05	10.0838
1816	3.00408e-05	9.41003
1817	3.5829e-05	9.31211
1818	5.24812e-05	8.99659
1819	5.96321e-05	8.94775
1820	7.96646e-05	8.74522
1821	8.79893e-05	8.7154
1822	0.000110703	8.57324
1823	0.000119736	8.55392
1824	0.000143839	8.45344
1825	0.000201695	8.17219
1826	0.000225511	8.14713
1827	0.000233748	8.14888
1828	0.000255569	8.13291
1829	0.000304948	8.03983
1830	0.000323403	8.03938
1831	0.000364214	7.99899
1832	0.000378504	8.00422
1833	0.00038089	8.00297
1834	0.000374454	7.98528
1835	0.000354051	7.95368
1836	0.000345978	7.93062
1837	0.000323372	7.89323
1838	0.000267924	7.88376
1839	0.000135421	8.36373
1840	7.83558e-05	8.70948
1841	5.40934e-05	8.85346
1842	4.39721e-05	8.84633
1843	2.06115e-05	9.36503
1844	1.10301e-05	9.75633
1845	7.19462e-06	9.93087
1846	5.77302e-06	9.94142
1847	2.32968e-06	10.5295
1848	1.02945e-06	11.1453
1849	7.19936e-07	11.6243
1850	1.15675e-06	11.4428
1851	2.8496e-06	10.8998
1852	7.89298e-06	10.2719
1853	1.0496e-05	10.2598
1854	1.8895e-05	9.93599
1855	2.35127e-05	9.90472
1856	3.91269e-05	9.5615
1857	9.05367e-05	8.83448
1858	0.000260023	7.96836
1859	0.000362246	7.91246
1860	0.000423553	7.92907
1861	0.00045919	7.95472
1862	0.000581043	7.86937
1863	0.000982043	7.43554
1864	0.0012194	7.36907
1865	0.00135687	7.36874
1866	0.00180638	7.19458
1867	0.00323909	6.64502
1868	0.00406271	6.5701
1869	0.00663989	6.18355
1870	0.00809619	6.13577
1871	0.00890824	6.1472
1872	0.0113923	6.02777
1873	0.0127566	6.02131
1874	0.0168535	5.85101
1875	0.0290289	5.35726
1876	0.0355985	5.30563
1877	0.0391227	5.32166
1878	0.0409978	5.34728
1879	0.0465201	5.33811
1880	0.0626878	5.15826
1881	0.0713426	5.14459
1882	0.0759817	5.16239
1883	0.0784597	5.18254
1884	0.0797471	5.19757
1885	0.0803238	5.20578
1886	0.082471	5.22167
1887	0.0835362	5.23235
1888	0.0838761	5.23634
1889	0.0835292	5.23335
1890	0.0843385	5.24012
1891	0.0843253	5.24029
1892	0.0858539	5.24828
1893	0.0863031	5.25138
1894	0.0857572	5.24876
1895	0.0838342	5.24375
1896	0.0794642	5.25024
1897	0.078195	5.24647
1898	0.0750281	5.24737
1899	0.0684106	5.28424
1900	0.055229	5.47915
1901	0.0506784	5.51937
1902	0.0417099	5.70168
1903	0.0387863	5.73911
1904	0.0383075	5.74523
1905	0.0366078	5.76281
1906	0.0367576	5.76774
1907	0.0359525	5.77457
1908	0.0339825	5.79638
1909	0.0302353	5.87492
1910	0.0292782	5.8831
1911	0.029633	5.88601
1912	0.0293315	5.88718
1913	0.0283751	5.88956
1914	0.0265484	5.9059
1915	0.023392	5.97142
1916	0.018105	6.20763
1917	0.0165588	6.23821
1918	0.0139552	6.3469
1919	0.0132344	6.34699
1920	0.0119746	6.36709
1921	0.00986786	6.4611
1922	0.00637167	6.89336
1923	0.00532241	6.98755
1924	0.00503623	6.98264
1925	0.00449591	7.00032
1926	0.00353709	7.12535
1927	0.00324722	7.12267
1928	0.00319622	7.11215
1929	0.00303609	7.09821
1930	0.00302869	7.09334
1931	0.00294075	7.08016
1932	0.00274601	7.0688
1933	0.00237245	7.09728
1934	0.0022554	7.07984
1935	0.00202531	7.07501
1936	0.0015967	7.15687
1937	0.000809874	7.88482
1938	0.000549	8.26919
1939	0.000465711	8.37018
1940	0.000445994	8.37573
1941	0.000396905	8.41725
1942	0.000387757	8.41181
1943	0.000358756	8.41448
1944	0.000300183	8.47326
1945	0.000188977	8.87982
1946	0.000151619	8.99597
1947	0.000140585	8.99929
1948	0.000140854	8.9896
1949	0.000133546	8.98032
1950	0.000116101	9.00035
1951	8.02341e-05	9.23906
1952	6.75032e-05	9.27934
1953	4.08553e-05	9.69823
1954	3.12144e-05	9.85445
1955	2.82011e-05	9.87265
1956	2.0629e-05	10.0666
1957	1.81784e-05	10.0993
1958	1.1999e-05	10.4217
1959	9.91225e-06	10.5239
1960	9.74554e-06	10.5128
1961	7.88104e-06	10.6278
1962	7.6124e-06	10.6282
1963	5.85567e-06	10.7859
1964	5.49205e-06	10.8051
1965	6.12306e-06	10.7423
1966	5.66055e-06	10.7666
1967	3.76084e-06	11.0939
1968	3.18137e-06	11.2217
1969	3.49997e-06	11.1202
1970	5.00963e-06	10.7753
1971	5.2141e-06	10.7373
1972	6.63726e-06	10.5541
1973	1.03878e-05	10.1734
1974	1.16575e-05	10.1339
1975	1.51908e-05	9.98148
1976	1.62035e-05	9.9671
1977	1.9376e-05	9.88747
1978	2.68978e-05	9.66215
1979	2.95794e-05	9.64765
1980	3.61242e-05	9.55668
1981	3.81987e-05	9.55476
1982	3.76048e-05	9.55492
1983	3.9018e-05	9.55401
1984	3.77124e-05	9.55576
1985	3.23652e-05	9.61978
1986	3.03444e-05	9.63062
1987	3.04548e-05	9.62686
1988	2.77743e-05	9.64648
1989	1.99956e-05	9.89772
1990	1.67742e-05	9.99136
1991	1.58948e-05	9.99722
1992	1.66141e-05	9.95445
1993	1.54071e-05	9.95753
1994	1.14918e-05	10.1211
1995	1.00456e-05	10.1416
1996	9.867e-06	10.102
1997	1.06087e-05	10.0282
1998	1.01453e-05	9.98846
1999	8.28644e-06	9.96302
2000	3.59952e-06	10.4279
2001	1.55303e-06	10.8655
